動画のタイトル,動画リンク,投稿時刻,動画視聴数,いいね数,コメント数,シェア数,セーブする
＼戦略は無限大！／ エグリプトのバトルは「属性」が鍵！ 動画に登場したモンスターたちには、 それぞれ【火・水・草・光・闇】の属性があります。 ✅ 相手の弱点を突くパーティ編成 ✅ 属性を活かしたスキル発動 シンプルだけど奥が深い。 あなたの知略で、最強のチームを組み上げよう！🏆 #エグリプト #EGGRYPTO #NFTゲーム #モンスター育成 #スマホゲーム,https://www.tiktok.com/@eggrypto_official/video/7600702861097323797,2026/01/29 08:49:08,248,1,0,0,0
エグリプトの世界には、魅力的なモンスターがなんと1000種類以上！ あなたの心に刺さるモンスターが必ず見つかるはず。 「見た目で選ぶ」も「強さで選ぶ」も、楽しみ方はあなた次第！ #エグリプト #EGGRYPTO #NFTゲーム #モンスター育成 #スマホゲーム,https://www.tiktok.com/@eggrypto_official/video/7600702253250432276,2026/01/29 08:46:45,196,1,0,0,0
エグリプトのバトルは奥が深い！ 属性相性を考えるだけで、格上の相手にも勝てるチャンスが！？ あなたも最強のチームを編成しよう！ #エグリプト #EGGRYPTO #NFTゲーム #モンスター育成 #スマホゲーム ,https://www.tiktok.com/@eggrypto_official/video/7600655431085690133,2026/01/29 05:45:06,361,2,0,0,0
エグリプトには魅力的なモンスターが1000種類以上！ あなた好みの1体が、きっとここで見つかるはず。 自慢のパーティを組んで、最強を目指しませんか？⚔️ #エグリプト #EGGRYPTO #NFTゲーム #モンスター育成 #スマホゲーム,https://www.tiktok.com/@eggrypto_official/video/7600604950238039316,2026/01/29 02:29:11,842,4,0,0,0
エグリプトのモンスターをご紹介！ 「グリムヒルデ・わかきすがた」 ・闇属性 ・星5モンスター お気に入りのモンスターをコレクションしたり、 育成してバトルができます！ あなたはこのモンスター知ってましたか？ ぜひ気軽にコメントで教えてください👇 #エグリプト #EGGRYPTO #NFTゲーム #モンスター育成 #スマホゲーム,https://www.tiktok.com/@eggrypto_official/video/7600340069777509653,2026/01/28 09:21:17,207,3,0,0,0
エグリプトのモンスターをご紹介！ 「ゼウスオルタ」 ・光属性 ・星5モンスター お気に入りのモンスターをコレクションしたり、 育成してバトルができます！ あなたはこのモンスター知ってましたか？ ぜひ気軽にコメントで教えてください👇 #エグリプト #EGGRYPTO #NFTゲーム #モンスター育成 #スマホゲーム ,https://www.tiktok.com/@eggrypto_official/video/7599950519846685972,2026/01/27 08:09:44,128,0,0,0,0
エグリプトのモンスターをご紹介！ 「十二神ウルト」 ・草属性 ・星5モンスター お気に入りのモンスターをコレクションしたり、 育成してバトルができます！ あなたはこのモンスター知ってましたか？ ぜひ気軽にコメントで教えてください👇 #エグリプト #EGGRYPTO #NFTゲーム #モンスター育成 #スマホゲーム,https://www.tiktok.com/@eggrypto_official/video/7599591527769230613,2026/01/26 08:56:39,145,0,0,0,0
エグリプトのモンスターをご紹介！ 「午王エポナ」 ・水属性 ・星5モンスター お気に入りのモンスターをコレクションしたり、 育成してバトルができます！ あなたはこのモンスター知ってましたか？ ぜひ気軽にコメントで教えてください👇 #エグリプト #EGGRYPTO #NFTゲーム #モンスター育成 #スマホゲーム,https://www.tiktok.com/@eggrypto_official/video/7598452693841005844,2026/01/23 07:17:20,236,2,0,0,0
エグリプトのモンスターをご紹介！ 「ラズベリー」 ・火属性 ・星5モンスター お気に入りのモンスターをコレクションしたり、 育成してバトルができます！ 動画の最後に登場したこのモンスター、知ってましたか？ ぜひ気軽にコメントで教えてください👇 #エグリプト #EGGRYPTO #NFTゲーム #モンスター育成 #スマホゲーム,https://www.tiktok.com/@eggrypto_official/video/7598090267517848853,2026/01/22 07:51:00,182,1,0,0,0
エグリプトのバトルは ただ育てるだけじゃ勝てない！？ 大事なのは【属性の相性】です！ 相手の弱点を突くパーティ編成が 勝利への最短ルート！ 戦略を駆使して、強敵を撃破しよう！⚔️ #エグリプト #EGGRYPTO #NFTゲーム #モンスター育成 #育成RPG,https://www.tiktok.com/@eggrypto_official/video/7597723633791831317,2026/01/21 08:08:15,1539,10,0,0,1
ゲームで資産価値がつくNFTモンスター入手できるかも!? あなただけのレアモンに出会える！ エグリプトで気軽にNFT体験を始めよう！ #エグリプト #EGGRYPTO #NFTゲーム #育成rpg #スマホゲーム,https://www.tiktok.com/@eggrypto_official/video/7596970063119322388,2026/01/19 07:23:59,3130,12,0,2,0
「ベルゼブブ」 「アスクレピオス」 「スカラベ」 お気に入りのモンスターをコレクションしたり、 育成してバトルができます！ あなたはこのモンスター知ってましたか？ ぜひ気軽にコメントで教えてください👇 #エグリプト #EGGRYPTO #NFTゲーム #モンスター育成 #スマホゲーム,https://www.tiktok.com/@eggrypto_official/video/7595835466839100693,2026/01/16 06:01:19,265,2,0,0,0
「カルナ・紅ノ弓」 「カルナ・翆ノ弓」 「アストライア」 お気に入りのモンスターをコレクションしたり、 育成してバトルができます！ あなたはこのモンスター知ってましたか？ ぜひ気軽にコメントで教えてください👇 #エグリプト #EGGRYPTO #NFTゲーム #モンスター育成 #スマホゲーム,https://www.tiktok.com/@eggrypto_official/video/7595118294688877845,2026/01/14 07:38:09,204,1,0,0,0
あなたはどの子を選ぶ？✨ カワイイ系からカッコイイ系まで、個性豊かなモンスターが勢ぞろい！ 自分だけの「唯一無二のモンスター」を見つけて、最強のチームを作っちゃおう💪 みんなは「カワイイ派」？それとも「カッコイイ派」？ ぜひコメントで教えてね！👇 #エグリプト #EGGRYPTO #NFTゲーム #モンスター育成 #スマホゲーム,https://www.tiktok.com/@eggrypto_official/video/7594753213857860884,2026/01/13 08:01:36,1523,7,0,0,0
NFTゲームとは？ 例えば、ゲームに登場するモンスターが、あなたの『資産』になるかもしれないということ。 もしかしたら、あなたが出会ったモンスターに価値がつくかも！ ゲームを遊びながら、あなただけの“資産”を手に入れてみませんか？ #NFTゲーム #エグリプト #ブロックチェーンゲーム #モンスター育成 #ゲーム紹介,https://www.tiktok.com/@eggrypto_official/video/7593267779730427157,2026/01/09 07:57:20,2113,22,0,1,2
エグリプトのモンスターをご紹介！ 「レオナ」 「天獣コハク」 「ツキノオルタ」 「ヒュウガ」 「リンレイ」 「ナイトメア」 「メロメロスライム」 「ヴァンバルド」 「アオトルト」 お気に入りのモンスターをコレクションしたり、 育成してバトルができます！ あなたはこのモンスター知ってましたか？ ぜひ気軽にコメントで教えてください👇 #エグリプト #EGGRYPTO #NFTゲーム #NFTGame #ブロックチェーンゲーム,https://www.tiktok.com/@eggrypto_official/video/7592905237476805909,2026/01/08 08:30:23,299,2,0,1,0
エグリプトのモンスターをご紹介！ 「天獣テトロ」 「天獣コハク」 「天獣イナバ」 お気に入りのモンスターをコレクションしたり、 育成してバトルができます！ あなたはこのモンスター知ってましたか？ ぜひ気軽にコメントで教えてください👇 #エグリプト #EGGRYPTO #NFTゲーム #NFTGame #ブロックチェーンゲーム,https://www.tiktok.com/@eggrypto_official/video/7592538463262510356,2026/01/07 08:47:07,561,5,0,0,0
エグリプトのモンスターをご紹介！ 「グラビ&アイラ」 「オラトリア&ウィルオウィスプ」 「アリス&ヒートスライム」 お気に入りのモンスターをコレクションしたり、 育成してバトルができます！ あなたはこのモンスター知ってましたか？ ぜひ気軽にコメントで教えてください👇 #エグリプト #EGGRYPTO #NFTゲーム #NFTGame #ブロックチェーンゲーム ,https://www.tiktok.com/@eggrypto_official/video/7592103312065973524,2026/01/06 04:38:41,4796,32,0,1,4
【開催期間】 ～1/5 23:59 イベントアリーナでソウルピースを集めて、 「兎王ミカヅキ」をレアモンに進化させよう！ 新年はエグリプトで遊ぼう！ #エグリプト #EGGRYPTO #ガチャ #年末年始 #ゲームアプリ,https://www.tiktok.com/@eggrypto_official/video/7590921552045018388,2026/01/03 00:12:45,277,1,0,0,0
「お年玉ログインボーナス」開催📣 【開催期間】 2026/1/1 12:00 ～ 2026/1/6 12:00 期間中ログインで無料10連GEMプレゼント！ 新年はエグリプトで遊ぼう！ #エグリプト #EGGRYPTO #ガチャ #お年玉 #年末年始 #ゲームアプリ,https://www.tiktok.com/@eggrypto_official/video/7587761568226626837,2026/01/02 03:00:00,416,2,0,0,0
「福袋ガチャ」開催📣 【開催期間】 第1弾：2025/12/31 12:00 ～ 2026/1/2 12:00 第2弾：2026/1/2 12:00 ～ 2026/1/4 12:00 第3弾：2026/1/4 12:00 ～ 2026/1/6 12:00 ガチャのおまけで「性格ハーブ ★5」が手に入ります。 年末年始はエグリプトで遊ぼう！ #エグリプト #EGGRYPTO #ガチャ #福袋 #年末年始 #ゲームアプリ,https://www.tiktok.com/@eggrypto_official/video/7587760356756294933,2025/12/31 03:00:00,286,3,0,0,0
「新年イベントアリーナ」開催📣 【開催期間】 2026/1/1 12:00 ～ 2026/1/5 23:59 イベントアリーナでソウルピースを集めて、 「兎王ミカヅキ」をレアモンに進化させよう！ 年末年始はエグリプトで遊ぼう！ #エグリプト #EGGRYPTO #ガチャ #年末年始 #ゲームアプリ,https://www.tiktok.com/@eggrypto_official/video/7587759737236884757,2025/12/30 03:00:00,245,3,0,1,0
【開催期間】 ～ 2026/1/9 12:00 新モンスター続々登場！ ・十二神ウルト ・午王エポナ ・アレイオーン 年末年始はエグリプトで遊ぼう！ #エグリプト #EGGRYPTO #ガチャ #年末年始 #ゲームアプリ,https://www.tiktok.com/@eggrypto_official/video/7589034935068019989,2025/12/28 22:11:46,426,2,0,0,0
「正月記念！偉大なる世界樹ガチャ」開催📣 【開催期間】 2025/12/26 12:00 ～ 2026/1/9 12:00 新モンスター続々登場！正月限定のバージョン違いモンスターも排出!? ・十二神ウルト ・午王エポナ ・アレイオーン 気になるモンスターはどれ？ 推しをコメントで教えてください👇 年末年始はエグリプトで遊ぼう！ #エグリプト #EGGRYPTO #ガチャ #年末年始 #ゲームアプリ,https://www.tiktok.com/@eggrypto_official/video/7587763422100475156,2025/12/26 05:00:00,288,3,0,0,0
遊んだ時間がムダにならないNFTゲーム！ 毎日ログインで「資産になる」レアモンが手に入るかも！？ エグリプトでNFTデビューしよう！ #エグリプト #EGGRYPTO #育成ゲーム #推し #ブロックチェーンゲーム ,https://www.tiktok.com/@eggrypto_official/video/7587615635748818196,2025/12/25 02:24:02,143,3,0,0,0
ゲームで資産価値がつくNFTモンスター入手できるかも!? エグリプトで気軽にNFT体験を始めよう！ #エグリプト #EGGRYPTO #NFTゲーム #育成rpg #スマホゲーム ,https://www.tiktok.com/@eggrypto_official/video/7587264545291259157,2025/12/24 03:41:35,8551,89,0,1,3
総キャラ数1000体以上登場！ 世界樹のタマゴを割ってポップでキュートなモンスターたちを集めて育てて、クエストに挑戦しよう！ #エグリプト #EGGRYPTO #NFTゲーム #NFTGame #育成RPG,https://www.tiktok.com/@eggrypto_official/video/7586979824112078101,2025/12/23 09:16:43,2340,15,0,0,0
ゲームで資産価値がつくNFTモンスター入手できるかも。エグリプトで気軽にNFT体験を始めよう。,https://www.tiktok.com/@eggrypto_official/video/7586581147895778567,2025/12/22 07:29:34,443,4,0,0,1
ゲームで資産価値がつくNFTモンスター入手できるかも。エグリプトで気軽にNFT体験を始めよう。,https://www.tiktok.com/@eggrypto_official/video/7586581076273859841,2025/12/22 07:29:34,3534,46,0,1,0
ゲームで資産価値がつくNFTモンスター入手できるかも。エグリプトで気軽にNFT体験を始めよう。,https://www.tiktok.com/@eggrypto_official/video/7586581091650112784,2025/12/22 07:29:34,2302,9,0,0,1
ゲームで資産価値がつくNFTモンスター入手できるかも。エグリプトで気軽にNFT体験を始めよう。,https://www.tiktok.com/@eggrypto_official/video/7586581147895745799,2025/12/22 07:29:34,536,5,0,0,0
ゲームで資産価値がつくNFTモンスター入手できるかも。エグリプトで気軽にNFT体験を始めよう。,https://www.tiktok.com/@eggrypto_official/video/7586581143089204497,2025/12/22 07:29:34,7300,75,0,0,4
ゲームで資産価値がつくNFTモンスター入手できるかも。エグリプトで気軽にNFT体験を始めよう。,https://www.tiktok.com/@eggrypto_official/video/7586581144473308423,2025/12/22 07:29:33,642,12,0,0,0
ゲームで資産価値がつくNFTモンスター入手できるかも。エグリプトで気軽にNFT体験を始めよう。,https://www.tiktok.com/@eggrypto_official/video/7586581076039044373,2025/12/22 07:29:33,344,1,0,0,0
ゲームで資産価値がつくNFTモンスター入手できるかも。エグリプトで気軽にNFT体験を始めよう。,https://www.tiktok.com/@eggrypto_official/video/7586581143420538119,2025/12/22 07:29:33,2605,24,0,0,3
「ラプンツェル」 「十二神リンネ」 「キングカーバンクル」 お気に入りのモンスターをコレクションしたり、 育成してバトルができます！ あなたはこのモンスター知ってましたか？ ぜひ気軽にコメントで教えてください👇 #エグリプト #EGGRYPTO #モンスター #紹介動画 #可愛い      ,https://www.tiktok.com/@eggrypto_official/video/7585033005882936596,2025/12/18 03:22:10,435,1,0,0,0
「エマ」 「オニヒメ＆ヒューヒュー」 「ミライ」 お気に入りのモンスターをコレクションしたり、 育成してバトルができます！ あなたはこのモンスター知ってましたか？ ぜひ気軽にコメントで教えてください👇 #エグリプト #EGGRYPTO #NFT #育成ゲーム #カジュアルゲーム                 ,https://www.tiktok.com/@eggrypto_official/video/7583998708065324308,2025/12/15 08:28:29,228,4,0,0,0
エグリプトのモンスターをご紹介！ 「アスター」 ・光属性 ・星5モンスター お気に入りのモンスターをコレクションしたり、 育成してバトルができます！ あなたはこのモンスター知ってましたか？ ぜひ気軽にコメントで教えてください👇 #エグリプト #EGGRYPTO #育成ゲーム #スマホゲーム #可愛い ,https://www.tiktok.com/@eggrypto_official/video/7582881809692691733,2025/12/12 08:14:20,1443,8,0,0,1
エグリプトのモンスターをご紹介！ 「ツキノオルタ」 ・草属性 ・星5モンスター お気に入りのモンスターをコレクションしたり、 育成してバトルができます！ あなたはこのモンスター知ってましたか？ ぜひ気軽にコメントで教えてください👇 #エグリプト #ゲーム #スマホゲームアプリ #育成 #育成ゲーム ,https://www.tiktok.com/@eggrypto_official/video/7581408263166512405,2025/12/08 08:56:26,2180,10,0,0,0
エグリプトのモンスターをご紹介！ 「天獣コハク」 ・水属性 ・星5モンスター お気に入りのモンスターをコレクションしたり、 育成してバトルができます！ あなたはこのモンスター知ってましたか？ ぜひ気軽にコメントで教えてください👇 #エグリプト #おすすめゲーム #スマホゲーム #ゆるキャラ #可愛い ,https://www.tiktok.com/@eggrypto_official/video/7579505195835591957,2025/12/03 05:51:20,1767,22,0,0,0
エグリプトのモンスターをご紹介！ 「天獣イナバ」 ・火属性 ・星5モンスター お気に入りのモンスターをコレクションしたり、 育成してバトルができます！ あなたはこのモンスター知ってましたか？ ぜひ気軽にコメントで教えてください👇 #エグリプト #EGGRYPTO #スマホゲーム #推し#可愛い ,https://www.tiktok.com/@eggrypto_official/video/7578799030902328596,2025/12/01 08:11:03,3888,19,0,0,1
エグリプトのモンスターをご紹介！ 「シン・グラビ＆アイラ」 ・闇属性 ・星5モンスター お気に入りのモンスターをコレクションしたり、 育成してバトルができます！ あなたはこのモンスター知ってましたか？ ぜひ気軽にコメントで教えてください👇 #エグリプト #スマホゲーム #ソシャゲ #可愛い　#推しキャラ ,https://www.tiktok.com/@eggrypto_official/video/7577693626575146261,2025/11/28 08:41:33,794,10,0,0,0
🎮 エグリプトってこんなゲーム！ タマゴをタップしたり。 モンスターを育成したり。 バトルしたり。 NFTモンスターをゲットしたり!? スキマ時間でゆるく楽しめる。 あなただけのモンスターたちを集めよう。 #エグリプト #EGGRYPTO #モンスター育成 #NFTゲーム #スマホゲーム,https://www.tiktok.com/@eggrypto_official/video/7572415127962537237,2025/11/14 03:18:20,4056,36,0,0,0
エグリプトのキャラクターをご紹介！  モチーフを知ると、もっとキャラが好きになるかも？✨ - - - - - - - - - - - - - - - - - - - -  📖 【童話】 ダークアリス ：『不思議の国のアリス』の主人公アリス 赤ずきん＆ウルフレア ：『赤ずきん』の少女と狼 🐺 - - - - - - - - - - - - - - - - - - - -  みんなの「推し」はいましたか？ ぜひコメントで教えてください！ #エグリプト #EGGRYPTO #NFTゲーム #NFTGame #スマホゲーム ,https://www.tiktok.com/@eggrypto_official/video/7571681670558993685,2025/11/12 03:52:04,238,7,0,0,1
エグリプトのキャラクターをご紹介！  モチーフを知ると、もっとキャラが好きになるかも？✨ - - - - - - - - - - - - - - - - - - - -  👼 【天使】 ガブリエル＆シロマドー ：「大天使ガブリエル」 ラファエル・翠翼 ：「大天使ラファエル」✨ - - - - - - - - - - - - - - - - - - - -  みんなの「推し」はいましたか？ ぜひコメントで教えてください！ #エグリプト #EGGRYPTO #NFTゲーム #NFTGame #カジュアルゲーム ,https://www.tiktok.com/@eggrypto_official/video/7571681613155667220,2025/11/12 03:51:48,194,4,0,0,0
"エグリプトのキャラクターをご紹介！  モチーフを知ると、もっとキャラが好きになるかも？✨ - - - - - - - - - - - - - - - - - - - -  ⚡ 【神話】 ヘスティア ：「ギリシャ神話」の""炉の女神""ヘスティアー 🔥 タケミカヅチ ：「日本神話」の""雷の神・剣の神""タケミカヅチ - - - - - - - - - - - - - - - - - - - -  みんなの「推し」はいましたか？ ぜひコメントで教えてください！ #エグリプト #EGGRYPTO #NFTゲーム #NFTGame #ブロックチェーンゲーム",https://www.tiktok.com/@eggrypto_official/video/7571681449158528277,2025/11/12 03:51:11,209,4,0,0,0